create database db_herriak collate utf8mb4_spanish_ci;

use db_herriak;

create table Komunitateak
(id_erkidegoa int check(id_erkidegoa between 1 and 19) primary key,
izena varchar(30) not null unique,
id_hiriburua int not null unique);

insert into Komunitateak values (1,'Galizia',3096);
insert into Komunitateak values (2,'La Rioja',5383);
insert into Komunitateak values (3,'Extremadura',5936);
insert into Komunitateak values (7,'Euskal Autonomia Erkidegoa',6570);

create table Probintziak
(kod_probintzia int check(kod_probintzia between 1 and 52) primary key,
izena varchar(30) not null unique,
azalera int not null check (azalera between 1 and 150000),
id_hiriburua int not null unique,
id_erkidegoa int not null,
foreign key(id_erkidegoa) references Komunitateak(id_erkidegoa) 
	   on update cascade);

insert into Probintziak values (1,'Araba',3047,6570,7);
insert into Probintziak values (6,'Badajoz',21766,5868,3);
insert into Probintziak values (10,'Cáceres',19868,5506,3);
insert into Probintziak values (15,'La Coruña',7921,3048,1);
insert into Probintziak values (20,'Gipuzkoa',1997,6400,7);
insert into Probintziak values (26,'La Rioja',5045,5383,2);
insert into Probintziak values (27,'Lugo',9856,3139,1);
insert into Probintziak values (32,'Ourense',7273,2976,1);
insert into Probintziak values (36,'Pontevedra',4495,2906,1);
insert into Probintziak values (48,'Bizkaia',2217,6442,7);

create table Herriak(
id_herria int check (id_herria between 1 and 9000) primary key,
izena varchar(50) not null,
populazioa int not null check (populazioa between 1 and 10000000),
kod_probintzia int not null,
unique (izena, kod_probintzia),
foreign key(kod_probintzia) references Probintziak(kod_probintzia) 
	   on update cascade
);

insert into Herriak values (2865,'Agolada',5094,36);
insert into Herriak values (2866,'Arbo',5020,36);
insert into Herriak values (2867,'Baiona',10931,36);
insert into Herriak values (2868,'Barro',3679,36);
insert into Herriak values (2869,'Bueu',12918,36);
insert into Herriak values (2870,'Caldas de Reis',9430,36);
insert into Herriak values (2871,'Cambados',13190,36);
insert into Herriak values (2872,'Campo Lameiro',2645,36);
insert into Herriak values (2873,'Cangas',24362,36);
insert into Herriak values (2874,'Cañiza A',7959,36);
insert into Herriak values (2875,'Catoira',3726,36);
insert into Herriak values (2876,'Cerdedo',3701,36);
insert into Herriak values (2877,'Cotobade',5378,36);
insert into Herriak values (2878,'Covelo O',4653,36);
insert into Herriak values (2879,'Crecente',4060,36);
insert into Herriak values (2880,'Cuntis',5936,36);
insert into Herriak values (2881,'Dozón',2733,36);
insert into Herriak values (2882,'Estrada A',22995,36);
insert into Herriak values (2883,'Forcarei',5823,36);
insert into Herriak values (2884,'Fornelos',2482,36);
insert into Herriak values (2885,'Gondomar',11284,36);
insert into Herriak values (2886,'Grove O',11007,36);
insert into Herriak values (2887,'Guarda A',10504,36);
insert into Herriak values (2888,'Lalín',21157,36);
insert into Herriak values (2889,'Lama A',3517,36);
insert into Herriak values (2890,'Marín',25689,36);
insert into Herriak values (2891,'Meaño',5507,36);
insert into Herriak values (2892,'Meis',5087,36);
insert into Herriak values (2893,'Moaña',18307,36);
insert into Herriak values (2894,'Mondariz',6659,36);
insert into Herriak values (2895,'Mondariz-Balneario',667,36);
insert into Herriak values (2896,'Moraña',4793,36);
insert into Herriak values (2897,'Mos',13987,36);
insert into Herriak values (2898,'Neves As',5320,36);
insert into Herriak values (2899,'Nigrán',15114,36);
insert into Herriak values (2900,'Oia',3220,36);
insert into Herriak values (2901,'Pazos de Borbén',3585,36);
insert into Herriak values (2902,'Poio',13765,36);
insert into Herriak values (2903,'Ponteareas',16567,36);
insert into Herriak values (2904,'Ponte-Caldelas',7997,36);
insert into Herriak values (2905,'Pontecesures',2897,36);
insert into Herriak values (2906,'Pontevedra',77282,36);
insert into Herriak values (2907,'Porriño O',16274,36);
insert into Herriak values (2908,'Portas',3386,36);
insert into Herriak values (2909,'Redondela',29222,36);
insert into Herriak values (2910,'Ribadumia',4180,36);
insert into Herriak values (2911,'Rodeiro',4854,36);
insert into Herriak values (2912,'Rosal O',5898,36);
insert into Herriak values (2913,'Salceda de Caselas',6023,36);
insert into Herriak values (2914,'Salvaterra de Miño',9025,36);
insert into Herriak values (2915,'Sanxenxo',15836,36);
insert into Herriak values (2916,'Silleda',10181,36);
insert into Herriak values (2917,'Soutomaior',5122,36);
insert into Herriak values (2918,'Tomiño',10573,36);
insert into Herriak values (2919,'Tui',16144,36);
insert into Herriak values (2920,'Valga',6504,36);
insert into Herriak values (2921,'Vigo',290582,36);
insert into Herriak values (2922,'Vila de Cruces',7628,36);
insert into Herriak values (2923,'Vilaboa',5935,36);
insert into Herriak values (2924,'Vilagarcía de Arousa',34022,36);
insert into Herriak values (2925,'Vilanova de Arousa',15795,36);

insert into Herriak values (3018,'Abegondo',5384,15);
insert into Herriak values (3019,'Ames',12045,15);
insert into Herriak values (3020,'Aranga',2498,15);
insert into Herriak values (3021,'Ares',4663,15);
insert into Herriak values (3022,'Arteixo',20074,15);
insert into Herriak values (3023,'Arzúa',7011,15);
insert into Herriak values (3024,'Baña A',5770,15);
insert into Herriak values (3025,'Bergondo',5600,15);
insert into Herriak values (3026,'Betanzos',12393,15);
insert into Herriak values (3027,'Boimorto',2906,15);
insert into Herriak values (3028,'Boiro',18451,15);
insert into Herriak values (3029,'Boqueixón',4344,15);
insert into Herriak values (3030,'Brión',6372,15);
insert into Herriak values (3031,'Cabana',6461,15);
insert into Herriak values (3032,'Cabanas',3339,15);
insert into Herriak values (3033,'Camariñas',7427,15);
insert into Herriak values (3034,'Cambre',13714,15);
insert into Herriak values (3035,'Capela A',1714,15);
insert into Herriak values (3036,'Carballo',28683,15);
insert into Herriak values (3037,'Cariño',5558,15);
insert into Herriak values (3038,'Carnota',6604,15);
insert into Herriak values (3039,'Carral',5291,15);
insert into Herriak values (3040,'Cedeira',7809,15);
insert into Herriak values (3041,'Cee',7672,15);
insert into Herriak values (3042,'Cerceda',6979,15);
insert into Herriak values (3043,'Cerdido',1857,15);
insert into Herriak values (3044,'Cesuras',2903,15);
insert into Herriak values (3045,'Coirós',1591,15);
insert into Herriak values (3046,'Corcubión',2091,15);
insert into Herriak values (3047,'Coristanco',9110,15);
insert into Herriak values (3048,'Coruña A',254822,15);
insert into Herriak values (3049,'Culleredo',17136,15);
insert into Herriak values (3050,'Curtis',4682,15);
insert into Herriak values (3051,'Dodro',3487,15);
insert into Herriak values (3052,'Dumbría',4893,15);
insert into Herriak values (3053,'Fene',15375,15);
insert into Herriak values (3054,'Ferrol',85587,15);
insert into Herriak values (3055,'Fisterra',5578,15);
insert into Herriak values (3056,'Frades',3267,15);
insert into Herriak values (3057,'Irixoa',1845,15);
insert into Herriak values (3058,'Laracha',10830,15);
insert into Herriak values (3059,'Laxe',3566,15);
insert into Herriak values (3060,'Lousame',4697,15);
insert into Herriak values (3061,'Malpica de Bergantiños',7901,15);
insert into Herriak values (3062,'Mañón',2150,15);
insert into Herriak values (3063,'Mazaricos',6863,15);
insert into Herriak values (3064,'Melide',8550,15);
insert into Herriak values (3065,'Mesía',3624,15);
insert into Herriak values (3066,'Miño',5071,15);
insert into Herriak values (3067,'Moeche',1658,15);
insert into Herriak values (3068,'Monfero',2918,15);
insert into Herriak values (3069,'Mugardos',6473,15);
insert into Herriak values (3070,'Muros',11575,15);
insert into Herriak values (3071,'Muxía',6800,15);
insert into Herriak values (3072,'Narón',32054,15);
insert into Herriak values (3073,'Neda',6423,15);
insert into Herriak values (3074,'Negreira',6905,15);
insert into Herriak values (3075,'Noia',15199,15);
insert into Herriak values (3076,'Oleiros',22306,15);
insert into Herriak values (3077,'Ordes',12030,15);
insert into Herriak values (3078,'Oroso',4193,15);
insert into Herriak values (3079,'Ortigueira',9799,15);
insert into Herriak values (3080,'Outes',9391,15);
insert into Herriak values (3081,'Oza dos Ríos',3315,15);
insert into Herriak values (3082,'Paderne',2847,15);
insert into Herriak values (3083,'Padrón',10295,15);
insert into Herriak values (3084,'Pino O',5229,15);
insert into Herriak values (3085,'Pobra do Caramiñal A',10424,15);
insert into Herriak values (3086,'Ponteceso',7844,15);
insert into Herriak values (3087,'Pontedeume',9006,15);
insert into Herriak values (3088,'Pontes de García Rodríguez As',13205,15);
insert into Herriak values (3089,'Porto do Son',10896,15);
insert into Herriak values (3090,'Rianxo',13021,15);
insert into Herriak values (3091,'Ribeira',26828,15);
insert into Herriak values (3092,'Rois',5583,15);
insert into Herriak values (3093,'Sada',10017,15);
insert into Herriak values (3094,'San Sadurniño',3695,15);
insert into Herriak values (3095,'Santa Comba',11612,15);
insert into Herriak values (3096,'Santiago de Compostela',94057,15);
insert into Herriak values (3097,'Santiso',2476,15);
insert into Herriak values (3098,'Sobrado',2830,15);
insert into Herriak values (3099,'Somozas',1589,15);
insert into Herriak values (3100,'Teo',13415,15);
insert into Herriak values (3101,'Toques',1936,15);
insert into Herriak values (3102,'Tordoia',5722,15);
insert into Herriak values (3103,'Touro',5004,15);
insert into Herriak values (3104,'Trazo',4235,15);
insert into Herriak values (3105,'Val do Dubra',5443,15);
insert into Herriak values (3106,'Valdoviño',7089,15);
insert into Herriak values (3107,'Vedra',5155,15);
insert into Herriak values (3108,'Vilarmaior',1430,15);
insert into Herriak values (3109,'Vilasantar',1817,15);
insert into Herriak values (3110,'Vimianzo',9603,15);
insert into Herriak values (3111,'Zas',6703,15);

insert into Herriak values (3112,'Abadín',3950,27);
insert into Herriak values (3113,'Alfoz',2637,27);
insert into Herriak values (3114,'Antas de Ulla',3140,27);
insert into Herriak values (3115,'Baleira',2130,27);
insert into Herriak values (3116,'Baralla',3705,27);
insert into Herriak values (3117,'Barreiros',3730,27);
insert into Herriak values (3118,'Becerreá',4006,27);
insert into Herriak values (3119,'Begonte',4456,27);
insert into Herriak values (3120,'Bóveda',2295,27);
insert into Herriak values (3121,'Burela',7834,27);
insert into Herriak values (3122,'Carballedo',4197,27);
insert into Herriak values (3123,'Castro de Rei',5915,27);
insert into Herriak values (3124,'Castroverde',3802,27);
insert into Herriak values (3125,'Cervantes',2584,27);
insert into Herriak values (3126,'Cervo',5289,27);
insert into Herriak values (3127,'Corgo O',4708,27);
insert into Herriak values (3128,'Cospeito',6372,27);
insert into Herriak values (3129,'Chantada',10327,27);
insert into Herriak values (3130,'Folgoso do Courel',1887,27);
insert into Herriak values (3131,'Fonsagrada A',6668,27);
insert into Herriak values (3132,'Foz',9896,27);
insert into Herriak values (3133,'Friol',5043,27);
insert into Herriak values (3134,'Guitiriz',6884,27);
insert into Herriak values (3135,'Guntín',3875,27);
insert into Herriak values (3136,'Incio O',2756,27);
insert into Herriak values (3137,'Láncara',3554,27);
insert into Herriak values (3138,'Lourenzá',3088,27);
insert into Herriak values (3139,'Lugo',88253,27);
insert into Herriak values (3140,'Meira',1887,27);
insert into Herriak values (3141,'Mondoñedo',5602,27);
insert into Herriak values (3142,'Monforte de Lemos',20561,27);
insert into Herriak values (3143,'Monterroso',4529,27);
insert into Herriak values (3144,'Muras',1319,27);
insert into Herriak values (3145,'Navia de Suarna',2242,27);
insert into Herriak values (3146,'Negueira de Muñiz',339,27);
insert into Herriak values (3147,'Nogais As',1838,27);
insert into Herriak values (3148,'Ourol',1833,27);
insert into Herriak values (3149,'Outeiro de Rei',4212,27);
insert into Herriak values (3150,'Palas de Rei',4916,27);
insert into Herriak values (3151,'Pantón',4141,27);
insert into Herriak values (3152,'Paradela',3113,27);
insert into Herriak values (3153,'Páramo O',2050,27);
insert into Herriak values (3154,'Pastoriza A',4394,27);
insert into Herriak values (3155,'Pedrafita do Cebreiro',1973,27);
insert into Herriak values (3156,'Pobra de Brollón A',3139,27);
insert into Herriak values (3157,'Pol',2390,27);
insert into Herriak values (3158,'Pontenova A',3671,27);
insert into Herriak values (3159,'Portomarín',2204,27);
insert into Herriak values (3160,'Quiroga',5072,27);
insert into Herriak values (3161,'Rábade',1768,27);
insert into Herriak values (3162,'Ribadeo',9100,27);
insert into Herriak values (3163,'Ribas de Sil',1611,27);
insert into Herriak values (3164,'Ribeira de Piquín',1043,27);
insert into Herriak values (3165,'Riotorto',2129,27);
insert into Herriak values (3166,'Samos',2375,27);
insert into Herriak values (3167,'Sarria',12601,27);
insert into Herriak values (3168,'Saviñao O',5709,27);
insert into Herriak values (3169,'Sober',3708,27);
insert into Herriak values (3170,'Taboada',5104,27);
insert into Herriak values (3171,'Trabada',1929,27);
insert into Herriak values (3172,'Triacastela',1031,27);
insert into Herriak values (3173,'Valadouro O',2740,27);
insert into Herriak values (3174,'Vicedo O',2672,27);
insert into Herriak values (3175,'Vilalba',16358,27);
insert into Herriak values (3176,'Viveiro',15493,27);
insert into Herriak values (3177,'Xermade',3004,27);
insert into Herriak values (3178,'Xove',3649,27);

insert into herriak values (5296,'Ábalos',289,26);
insert into herriak values (5297,'Agoncillo',885,26);
insert into herriak values (5298,'Aguilar del Río Alhama',728,26);
insert into herriak values (5299,'Ajamil',79,26);
insert into herriak values (5300,'Albelda de Iregua',2267,26);
insert into herriak values (5301,'Alberite',1985,26);
insert into herriak values (5302,'Alcanadre',836,26);
insert into herriak values (5303,'Aldeanueva de Ebro',2523,26);
insert into herriak values (5304,'Alesanco',510,26);
insert into herriak values (5305,'Alesón',146,26);
insert into herriak values (5306,'Alfaro',9257,26);
insert into herriak values (5307,'Almarza de Cameros',40,26);
insert into herriak values (5308,'Anguciana',318,26);
insert into herriak values (5309,'Anguiano',643,26);
insert into herriak values (5310,'Arenzana de Abajo',331,26);
insert into herriak values (5311,'Arenzana de Arriba',41,26);
insert into herriak values (5312,'Arnedillo',433,26);
insert into herriak values (5313,'Arnedo',12715,26);
insert into herriak values (5314,'Arrúbal',440,26);
insert into herriak values (5315,'Ausejo',777,26);
insert into herriak values (5316,'Autol',3381,26);
insert into herriak values (5317,'Azofra',365,26);
insert into herriak values (5318,'Badarán',771,26);
insert into herriak values (5319,'Bañares',443,26);
insert into herriak values (5320,'Baños de Río Tobía',1845,26);
insert into herriak values (5321,'Baños de Rioja',117,26);
insert into herriak values (5322,'Berceo',228,26);
insert into herriak values (5323,'Bergasa',195,26);
insert into herriak values (5324,'Bergasillas Bajera',33,26);
insert into herriak values (5325,'Bezares',33,26);
insert into herriak values (5326,'Bobadilla',175,26);
insert into herriak values (5327,'Brieva de Cameros',77,26);
insert into herriak values (5328,'Briñas',197,26);
insert into herriak values (5329,'Briones',840,26);
insert into herriak values (5330,'Cabezón de Cameros',32,26);
insert into herriak values (5331,'Calahorra',18801,26);
insert into herriak values (5332,'Camprovín',239,26);
insert into herriak values (5333,'Canales de la Sierra',107,26);
insert into herriak values (5334,'Canillas de Río Tuerto',75,26);
insert into herriak values (5335,'Cañas',119,26);
insert into herriak values (5336,'Cárdenas',253,26);
insert into herriak values (5337,'Casalarreina',909,26);
insert into herriak values (5338,'Castañares de Rioja',496,26);
insert into herriak values (5339,'Castroviejo',63,26);
insert into herriak values (5340,'Cellorigo',20,26);
insert into herriak values (5341,'Cenicero',2102,26);
insert into herriak values (5342,'Cervera del Río Alhama',3381,26);
insert into herriak values (5343,'Cidamón',50,26);
insert into herriak values (5344,'Cihuri',149,26);
insert into herriak values (5345,'Cirueña',132,26);
insert into herriak values (5346,'Clavijo',202,26);
insert into herriak values (5347,'Cordovín',224,26);
insert into herriak values (5348,'Corera',257,26);
insert into herriak values (5349,'Cornago',637,26);
insert into herriak values (5350,'Corporales',64,26);
insert into herriak values (5351,'Cuzcurrita de Río Tirón',482,26);
insert into herriak values (5352,'Daroca de Rioja',61,26);
insert into herriak values (5353,'Enciso',188,26);
insert into herriak values (5354,'Entrena',1121,26);
insert into herriak values (5355,'Estollo',156,26);
insert into herriak values (5356,'Ezcaray',1812,26);
insert into herriak values (5357,'Foncea',130,26);
insert into herriak values (5358,'Fonzaleche',175,26);
insert into herriak values (5359,'Fuenmayor',2120,26);
insert into herriak values (5360,'Galbárruli',69,26);
insert into herriak values (5361,'Galilea',286,26);
insert into herriak values (5362,'Gallinero de Cameros',31,26);
insert into herriak values (5363,'Gimileo',95,26);
insert into herriak values (5364,'Grañón',439,26);
insert into herriak values (5365,'Grávalos',288,26);
insert into herriak values (5366,'Haro',9119,26);
insert into herriak values (5367,'Herce',378,26);
insert into herriak values (5368,'Herramélluri',179,26);
insert into herriak values (5369,'Hervías',204,26);
insert into herriak values (5370,'Hormilla',497,26);
insert into herriak values (5371,'Hormilleja',188,26);
insert into herriak values (5372,'Hornillos de Cameros',26,26);
insert into herriak values (5373,'Hornos de Moncalvillo',98,26);
insert into herriak values (5374,'Huércanos',895,26);
insert into herriak values (5375,'Igea',820,26);
insert into herriak values (5376,'Jalón de Cameros',33,26);
insert into herriak values (5377,'Laguna de Cameros',169,26);
insert into herriak values (5378,'Lagunilla del Jubera',386,26);
insert into herriak values (5379,'Lardero',3729,26);
insert into herriak values (5380,'Ledesma de la Cogolla',20,26);
insert into herriak values (5381,'Leiva',315,26);
insert into herriak values (5382,'Leza de Río Leza',33,26);
insert into herriak values (5383,'Logroño',125617,26);
insert into herriak values (5384,'Lumbreras',183,26);
insert into herriak values (5385,'Manjarrés',152,26);
insert into herriak values (5386,'Mansilla de la Sierra',54,26);
insert into herriak values (5387,'Manzanares de Rioja',132,26);
insert into herriak values (5388,'Matute',174,26);
insert into herriak values (5389,'Medrano',218,26);
insert into herriak values (5390,'Munilla',120,26);
insert into herriak values (5391,'Murillo de Río Leza',1573,26);
insert into herriak values (5392,'Muro de Aguas',74,26);
insert into herriak values (5393,'Muro en Cameros',43,26);
insert into herriak values (5394,'Nájera',6952,26);
insert into herriak values (5395,'Nalda',907,26);
insert into herriak values (5396,'Navajún',19,26);
insert into herriak values (5397,'Navarrete',2028,26);
insert into herriak values (5398,'Nestares',77,26);
insert into herriak values (5399,'Nieva de Cameros',122,26);
insert into herriak values (5400,'Ocón',353,26);
insert into herriak values (5401,'Ochánduri',108,26);
insert into herriak values (5402,'Ojacastro',241,26);
insert into herriak values (5403,'Ollauri',329,26);
insert into herriak values (5404,'Ortigosa de Cameros',338,26);
insert into herriak values (5405,'Pazuengos',51,26);
insert into herriak values (5406,'Pedroso',119,26);
insert into herriak values (5407,'Pinillos',31,26);
insert into herriak values (5408,'Pradejón',2904,26);
insert into herriak values (5409,'Pradillo',101,26);
insert into herriak values (5410,'Préjano',222,26);
insert into herriak values (5411,'Quel',1934,26);
insert into herriak values (5412,'Rabanera',64,26);
insert into herriak values (5413,'Rasillo de Cameros El',125,26);
insert into herriak values (5414,'Redal El',216,26);
insert into herriak values (5415,'Ribafrecha',1028,26);
insert into herriak values (5416,'Rincón de Soto',3343,26);
insert into herriak values (5417,'Robres del Castillo',20,26);
insert into herriak values (5418,'Rodezno',324,26);
insert into herriak values (5419,'Sajazarra',161,26);
insert into herriak values (5420,'San Asensio',1345,26);
insert into herriak values (5421,'San Millán de la Cogolla',288,26);
insert into herriak values (5422,'San Millán de Yécora',63,26);
insert into herriak values (5423,'San Román de Cameros',178,26);
insert into herriak values (5424,'San Torcuato',132,26);
insert into herriak values (5425,'San Vicente de la Sonsierra',1097,26);
insert into herriak values (5426,'Santa Coloma',123,26);
insert into herriak values (5427,'Santa Engracia del Jubera',141,26);
insert into herriak values (5428,'Santa Eulalia Bajera',133,26);
insert into herriak values (5429,'Santo Domingo de la Calzada',6566,26);
insert into herriak values (5430,'Santurde de Rioja',315,26);
insert into herriak values (5431,'Santurdejo',156,26);
insert into herriak values (5432,'Sojuela',196,26);
insert into herriak values (5433,'Sorzano',280,26);
insert into herriak values (5434,'Sotés',324,26);
insert into herriak values (5435,'Soto en Cameros',223,26);
insert into herriak values (5436,'Terroba',50,26);
insert into herriak values (5437,'Tirgo',177,26);
insert into herriak values (5438,'Tobalina',34,26);
insert into herriak values (5439,'Torre en Cameros',24,26);
insert into herriak values (5440,'Torrecilla en Cameros',538,26);
insert into herriak values (5441,'Torrecilla sobre Alesanco',129,26);
insert into herriak values (5442,'Torremontalbo',18,26);
insert into herriak values (5443,'Treviana',169,26);
insert into herriak values (5444,'Tricio',353,26);
insert into herriak values (5445,'Tudelilla',361,26);
insert into herriak values (5446,'Uruñuela',959,26);
insert into herriak values (5447,'Valdemadera',8,26);
insert into herriak values (5448,'Valgañón',166,26);
insert into herriak values (5449,'Ventosa',179,26);
insert into herriak values (5450,'Ventrosa',82,26);
insert into herriak values (5451,'Viguera',455,26);
insert into herriak values (5452,'Villalba de Rioja',178,26);
insert into herriak values (5453,'Villalobar de Rioja',102,26);
insert into herriak values (5454,'Villamediana de Iregua',7757,26);
insert into herriak values (5455,'Villanueva de Cameros',95,26);
insert into herriak values (5456,'Villar de Arnedo',299,26);
insert into herriak values (5457,'Villar de Torre',190,26);
insert into herriak values (5458,'Villarejo',18,26);
insert into herriak values (5459,'Villarroya',27,26);
insert into herriak values (5460,'Villarta-Quintana',151,26);
insert into herriak values (5461,'Villavelayo',159,26);
insert into herriak values (5462,'Villaverde de Rioja',95,26);
insert into herriak values (5463,'Villoslada de Cameros',295,26);
insert into herriak values (5464,'Viniegra de Abajo',97,26);
insert into herriak values (5465,'Viniegra de Arriba',39,26);
insert into herriak values (5466,'Zarratón',335,26);
insert into herriak values (5467,'Zarzosa',15,26);
insert into herriak values (5468,'Zorraquín',71,26);



insert into herriak values (5470,'Abadía',302,10);
insert into herriak values (5471,'Abertura',515,10);
insert into herriak values (5472,'Acebo',875,10);
insert into herriak values (5473,'Acehuche',1010,10);
insert into herriak values (5474,'Aceituna',764,10);
insert into herriak values (5475,'Ahigal',1751,10);
insert into herriak values (5476,'Albalá del Caudillo',916,10);
insert into herriak values (5477,'Alcántara',1977,10);
insert into herriak values (5478,'Alcollarín',372,10);
insert into herriak values (5479,'Alcuéscar',3344,10);
insert into herriak values (5480,'Aldea del Obispo La',429,10);
insert into herriak values (5481,'Aldea del Cano',792,10);
insert into herriak values (5482,'Aldeacentenera',1012,10);
insert into herriak values (5483,'Aldeanueva de la Vera',2670,10);
insert into herriak values (5484,'Aldeanueva del Camino',988,10);
insert into herriak values (5485,'Aldehuela del Jerte',385,10);
insert into herriak values (5486,'Alía',1617,10);
insert into herriak values (5487,'Aliseda',2484,10);
insert into herriak values (5488,'Almaraz',1478,10);
insert into herriak values (5489,'Almoharín',2122,10);
insert into herriak values (5490,'Arroyo de la Luz',6713,10);
insert into herriak values (5491,'Arroyomolinos',1176,10);
insert into herriak values (5492,'Arroyomolinos de la Vera',652,10);
insert into herriak values (5493,'Baños de Montemayor',720,10);
insert into herriak values (5494,'Barrado',583,10);
insert into herriak values (5495,'Belvís de Monroy',584,10);
insert into herriak values (5496,'Benquerencia',116,10);
insert into herriak values (5497,'Berrocalejo',139,10);
insert into herriak values (5498,'Berzocana',703,10);
insert into herriak values (5499,'Bohonal de Ibor',608,10);
insert into herriak values (5500,'Botija',195,10);
insert into herriak values (5501,'Brozas',2510,10);
insert into herriak values (5502,'Cabañas del Castillo',672,10);
insert into herriak values (5503,'Cabezabellosa',601,10);
insert into herriak values (5504,'Cabezuela del Valle',2423,10);
insert into herriak values (5505,'Cabrero',479,10);
insert into herriak values (5506,'Cáceres',81037,10);
insert into herriak values (5507,'Cachorrilla',107,10);
insert into herriak values (5508,'Cadalso',603,10);
insert into herriak values (5509,'Calzadilla',623,10);
insert into herriak values (5510,'Caminomorisco',1313,10);
insert into herriak values (5511,'Campillo de Deleitosa',164,10);
insert into herriak values (5512,'Campo Lugar',1284,10);
insert into herriak values (5513,'Cañamero',2021,10);
insert into herriak values (5514,'Cañaveral',1697,10);
insert into herriak values (5515,'Carbajo',294,10);
insert into herriak values (5516,'Carcaboso',1296,10);
insert into herriak values (5517,'Carrascalejo',468,10);
insert into herriak values (5518,'Casar de Cáceres',4506,10);
insert into herriak values (5519,'Casar de Palomero',1435,10);
insert into herriak values (5520,'Casares de las Hurdes',942,10);
insert into herriak values (5521,'Casas de Don Antonio',266,10);
insert into herriak values (5522,'Casas de Don Gómez',412,10);
insert into herriak values (5523,'Casas de Millán',874,10);
insert into herriak values (5524,'Casas de Miravete',167,10);
insert into herriak values (5525,'Casas del Castañar',743,10);
insert into herriak values (5526,'Casas del Monte',946,10);
insert into herriak values (5527,'Casatejada',1455,10);
insert into herriak values (5528,'Casillas de Coria',615,10);
insert into herriak values (5529,'Castañar de Ibor',1398,10);
insert into herriak values (5530,'Ceclavín',2392,10);
insert into herriak values (5531,'Cedillo',593,10);
insert into herriak values (5532,'Cerezo',269,10);
insert into herriak values (5533,'Cilleros',2368,10);
insert into herriak values (5534,'Collado',354,10);
insert into herriak values (5535,'Conquista de la Sierra',201,10);
insert into herriak values (5536,'Coria',12055,10);
insert into herriak values (5537,'Cuacos de Yuste',966,10);
insert into herriak values (5538,'Cumbre La',1230,10);
insert into herriak values (5539,'Deleitosa',1045,10);
insert into herriak values (5540,'Descargamaría',281,10);
insert into herriak values (5541,'Eljas',1358,10);
insert into herriak values (5542,'Escurial',1013,10);
insert into herriak values (5543,'Fresnedoso de Ibor',497,10);
insert into herriak values (5544,'Galisteo',2065,10);
insert into herriak values (5545,'Garciaz',1100,10);
insert into herriak values (5546,'Garganta La',640,10);
insert into herriak values (5547,'Garganta la Olla',1228,10);
insert into herriak values (5548,'Gargantilla',555,10);
insert into herriak values (5549,'Gargüera',265,10);
insert into herriak values (5550,'Garrovillas',2640,10);
insert into herriak values (5551,'Garvín',127,10);
insert into herriak values (5552,'Gata',2051,10);
insert into herriak values (5553,'Gordo El',329,10);
insert into herriak values (5554,'Granja La',475,10);
insert into herriak values (5555,'Guadalupe',2469,10);
insert into herriak values (5556,'Guijo de Coria',339,10);
insert into herriak values (5557,'Guijo de Galisteo',1777,10);
insert into herriak values (5558,'Guijo de Granadilla',805,10);
insert into herriak values (5559,'Guijo de Santa Bárbara',547,10);
insert into herriak values (5560,'Herguijuela',454,10);
insert into herriak values (5561,'Hernán-Pérez',508,10);
insert into herriak values (5562,'Herrera de Alcántara',375,10);
insert into herriak values (5563,'Herreruela',525,10);
insert into herriak values (5564,'Hervás',3933,10);
insert into herriak values (5565,'Higuera',130,10);
insert into herriak values (5566,'Hinojal',461,10);
insert into herriak values (5567,'Holguera',859,10);
insert into herriak values (5568,'Hoyos',998,10);
insert into herriak values (5569,'Huélaga',207,10);
insert into herriak values (5570,'Ibahernando',854,10);
insert into herriak values (5571,'Jaraicejo',727,10);
insert into herriak values (5572,'Jaraíz de la Vera',7742,10);
insert into herriak values (5573,'Jarandilla de la Vera',3162,10);
insert into herriak values (5574,'Jarilla',197,10);
insert into herriak values (5575,'Jerte',1394,10);
insert into herriak values (5576,'Ladrillar',429,10);
insert into herriak values (5577,'Logrosán',2755,10);
insert into herriak values (5578,'Losar de la Vera',3096,10);
insert into herriak values (5579,'Madrigal de la Vera',1823,10);
insert into herriak values (5580,'Madrigalejo',2420,10);
insert into herriak values (5581,'Madroñera',3258,10);
insert into herriak values (5582,'Majadas',1316,10);
insert into herriak values (5583,'Malpartida de Cáceres',4236,10);
insert into herriak values (5584,'Malpartida de Plasencia',4237,10);
insert into herriak values (5585,'Marchagaz',422,10);
insert into herriak values (5586,'Mata de Alcántara',396,10);
insert into herriak values (5587,'Membrío',990,10);
insert into herriak values (5588,'Mesas de Ibor',236,10);
insert into herriak values (5589,'Miajadas',10014,10);
insert into herriak values (5590,'Millanes',262,10);
insert into herriak values (5591,'Mirabel',900,10);
insert into herriak values (5592,'Mohedas de Granadilla',1231,10);
insert into herriak values (5593,'Monroy',1342,10);
insert into herriak values (5594,'Montánchez',2391,10);
insert into herriak values (5595,'Montehermoso',5368,10);
insert into herriak values (5596,'Moraleja',8341,10);
insert into herriak values (5597,'Morcillo',602,10);
insert into herriak values (5598,'Navaconcejo',2197,10);
insert into herriak values (5599,'Navalmoral de la Mata',16325,10);
insert into herriak values (5600,'Navalvillar de Ibor',601,10);
insert into herriak values (5601,'Navas del Madroño',1709,10);
insert into herriak values (5602,'Navezuelas',774,10);
insert into herriak values (5603,'Nuñomoral',2091,10);
insert into herriak values (5604,'Oliva de Plasencia',375,10);
insert into herriak values (5605,'Palomero',613,10);
insert into herriak values (5606,'Pasarón de la Vera',724,10);
insert into herriak values (5607,'Pedroso de Acim',176,10);
insert into herriak values (5608,'Peraleda de la Mata',1489,10);
insert into herriak values (5609,'Peraleda de San Román',444,10);
insert into herriak values (5610,'Perales del Puerto',1061,10);
insert into herriak values (5611,'Pescueza',253,10);
insert into herriak values (5612,'Pesga La',1357,10);
insert into herriak values (5613,'Piedras Albas',261,10);
insert into herriak values (5614,'Pinofranqueado',1827,10);
insert into herriak values (5615,'Piornal',1616,10);
insert into herriak values (5616,'Plasencia',37703,10);
insert into herriak values (5617,'Plasenzuela',561,10);
insert into herriak values (5618,'Portaje',457,10);
insert into herriak values (5619,'Portezuelo',351,10);
insert into herriak values (5620,'Pozuelo de Zarzón',676,10);
insert into herriak values (5621,'Puerto de Santa Cruz',461,10);
insert into herriak values (5622,'Rebollar',270,10);
insert into herriak values (5623,'Riolobos',1788,10);
insert into herriak values (5624,'Robledillo de Gata',205,10);
insert into herriak values (5625,'Robledillo de la Vera',451,10);
insert into herriak values (5626,'Robledillo de Trujillo',535,10);
insert into herriak values (5627,'Robledollano',444,10);
insert into herriak values (5628,'Romangordo',231,10);
insert into herriak values (5629,'Rosalejo',2025,10);
insert into herriak values (5630,'Ruanes',109,10);
insert into herriak values (5631,'Salorino',951,10);
insert into herriak values (5632,'Salvatierra de Santiago',463,10);
insert into herriak values (5633,'San Martín de Trevejo',963,10);
insert into herriak values (5634,'Santa Ana',410,10);
insert into herriak values (5635,'Santa Cruz de la Sierra',388,10);
insert into herriak values (5636,'Santa Cruz de Paniagua',474,10);
insert into herriak values (5637,'Santa Marta de Magasca',445,10);
insert into herriak values (5638,'Santiago de Alcántara',882,10);
insert into herriak values (5639,'Santiago del Campo',348,10);
insert into herriak values (5640,'Santibáñez el Alto',523,10);
insert into herriak values (5641,'Santibáñez el Bajo',1076,10);
insert into herriak values (5642,'Saucedilla',645,10);
insert into herriak values (5643,'Segura de Toro',215,10);
insert into herriak values (5644,'Serradilla',2191,10);
insert into herriak values (5645,'Serrejón',525,10);
insert into herriak values (5646,'Sierra de Fuentes',1675,10);
insert into herriak values (5647,'Talaván',1092,10);
insert into herriak values (5648,'Talaveruela de la Vera',524,10);
insert into herriak values (5649,'Talayuela',7616,10);
insert into herriak values (5650,'Tejeda de Tiétar',1063,10);
insert into herriak values (5651,'Toril',183,10);
insert into herriak values (5652,'Tornavacas',1453,10);
insert into herriak values (5653,'Torno El',1085,10);
insert into herriak values (5654,'Torre de Don Miguel',696,10);
insert into herriak values (5655,'Torre de Santa María',807,10);
insert into herriak values (5656,'Torrecilla de los Ángeles',712,10);
insert into herriak values (5657,'Torrecillas de la Tiesa',1283,10);
insert into herriak values (5658,'Torrejón el Rubio',832,10);
insert into herriak values (5659,'Torrejoncillo',3727,10);
insert into herriak values (5660,'Torremenga',623,10);
insert into herriak values (5661,'Torremocha',1338,10);
insert into herriak values (5662,'Torreorgaz',1533,10);
insert into herriak values (5663,'Torrequemada',634,10);
insert into herriak values (5664,'Trujillo',9347,10);
insert into herriak values (5665,'Valdastillas',459,10);
insert into herriak values (5666,'Valdecañas de Tajo',152,10);
insert into herriak values (5667,'Valdefuentes',1697,10);
insert into herriak values (5668,'Valdehúncar',170,10);
insert into herriak values (5669,'Valdelacasa de Tajo',739,10);
insert into herriak values (5670,'Valdemorales',275,10);
insert into herriak values (5671,'Valdeobispo',870,10);
insert into herriak values (5672,'Valencia de Alcántara',6429,10);
insert into herriak values (5673,'Valverde de la Vera',687,10);
insert into herriak values (5674,'Valverde del Fresno',2859,10);
insert into herriak values (5675,'Viandar de la Vera',347,10);
insert into herriak values (5676,'Villa del Campo',691,10);
insert into herriak values (5677,'Villa del Rey',179,10);
insert into herriak values (5678,'Villamesías',475,10);
insert into herriak values (5679,'Villamiel',803,10);
insert into herriak values (5680,'Villanueva de la Sierra',675,10);
insert into herriak values (5681,'Villanueva de la Vera',2268,10);
insert into herriak values (5682,'Villar de Plasencia',317,10);
insert into herriak values (5683,'Villar del Pedroso',907,10);
insert into herriak values (5684,'Villasbuenas de Gata',549,10);
insert into herriak values (5685,'Zarza de Granadilla',1927,10);
insert into herriak values (5686,'Zarza de Montánchez',718,10);
insert into herriak values (5687,'Zarza la Mayor',1716,10);
insert into herriak values (5688,'Zorita',2187,10);
insert into herriak values (5854,'Acedera',1037,6);
insert into herriak values (5855,'Aceuchal',5137,6);
insert into herriak values (5856,'Ahillones',1246,6);
insert into herriak values (5857,'Alange',2064,6);
insert into herriak values (5858,'Albuera La',1820,6);
insert into herriak values (5859,'Alburquerque',5797,6);
insert into herriak values (5860,'Alconchel',2309,6);
insert into herriak values (5861,'Alconera',766,6);
insert into herriak values (5862,'Aljucén',226,6);
insert into herriak values (5863,'Almendral',1529,6);
insert into herriak values (5864,'Almendralejo',26869,6);
insert into herriak values (5865,'Arroyo de San Serván',4085,6);
insert into herriak values (5866,'Atalaya',388,6);
insert into herriak values (5867,'Azuaga',10064,6);
insert into herriak values (5868,'Badajoz',132154,6);
insert into herriak values (5869,'Barcarrota',4195,6);
insert into herriak values (5870,'Baterno',414,6);
insert into herriak values (5871,'Benquerencia de la Serena',1150,6);
insert into herriak values (5872,'Berlanga',2769,6);
insert into herriak values (5873,'Bienvenida',2475,6);
insert into herriak values (5874,'Bodonal de la Sierra',1442,6);
insert into herriak values (5875,'Burguillos del Cerro',3393,6);
insert into herriak values (5876,'Cabeza del Buey',6374,6);
insert into herriak values (5877,'Cabeza la Vaca',1660,6);
insert into herriak values (5878,'Calamonte',5868,6);
insert into herriak values (5879,'Calera de León',1187,6);
insert into herriak values (5880,'Calzadilla de los Barros',825,6);
insert into herriak values (5881,'Campanario',6036,6);
insert into herriak values (5882,'Campillo de Llerena',1817,6);
insert into herriak values (5883,'Capilla',235,6);
insert into herriak values (5884,'Carmonita',728,6);
insert into herriak values (5885,'Carrascalejo El',29,6);
insert into herriak values (5886,'Casas de Don Pedro',1914,6);
insert into herriak values (5887,'Casas de Reina',319,6);
insert into herriak values (5888,'Castilblanco',1456,6);
insert into herriak values (5889,'Castuera',7522,6);
insert into herriak values (5890,'Codosera La',2639,6);
insert into herriak values (5891,'Cordobilla de Lácara',1031,6);
insert into herriak values (5892,'Coronada La',2544,6);
insert into herriak values (5893,'Corte de Peleas',1315,6);
insert into herriak values (5894,'Cristina',568,6);
insert into herriak values (5895,'Cheles',1387,6);
insert into herriak values (5896,'Don Alvaro',655,6);
insert into herriak values (5897,'Don Benito',31098,6);
insert into herriak values (5898,'Entrín Bajo',708,6);
insert into herriak values (5899,'Esparragalejo',1527,6);
insert into herriak values (5900,'Esparragosa de la Serena',1172,6);
insert into herriak values (5901,'Esparragosa de Lares',1266,6);
insert into herriak values (5902,'Feria',1575,6);
insert into herriak values (5903,'Fregenal de la Sierra',5544,6);
insert into herriak values (5904,'Fuenlabrada de los Montes',2153,6);
insert into herriak values (5905,'Fuente de Cantos',5211,6);
insert into herriak values (5906,'Fuente del Arco',877,6);
insert into herriak values (5907,'Fuente del Maestre',6912,6);
insert into herriak values (5908,'Fuentes de León',2878,6);
insert into herriak values (5909,'Garbayuela',615,6);
insert into herriak values (5910,'Garlitos',851,6);
insert into herriak values (5911,'Garrovilla La',2702,6);
insert into herriak values (5912,'Granja de Torrehermosa',2718,6);
insert into herriak values (5913,'Guareña',7404,6);
insert into herriak values (5914,'a La',1538,6);
insert into herriak values (5915,'Helechosa de los Montes',841,6);
insert into herriak values (5916,'Herrera del Duque',4153,6);
insert into herriak values (5917,'Higuera de la Serena',1298,6);
insert into herriak values (5918,'Higuera de Llerena',528,6);
insert into herriak values (5919,'Higuera de Vargas',3001,6);
insert into herriak values (5920,'Higuera la Real',2798,6);
insert into herriak values (5921,'Hinojosa del Valle',632,6);
insert into herriak values (5922,'Hornachos',3930,6);
insert into herriak values (5923,'Jerez de los Caballeros',10587,6);
insert into herriak values (5924,'Lapa La',357,6);
insert into herriak values (5925,'Lobón',2780,6);
insert into herriak values (5926,'Llera',1051,6);
insert into herriak values (5927,'Llerena',5795,6);
insert into herriak values (5928,'Magacela',852,6);
insert into herriak values (5929,'Maguilla',1153,6);
insert into herriak values (5930,'Malcocinado',593,6);
insert into herriak values (5931,'Malpartida de la Serena',1035,6);
insert into herriak values (5932,'Manchita',784,6);
insert into herriak values (5933,'Medellín',2529,6);
insert into herriak values (5934,'Medina de las Torres',1666,6);
insert into herriak values (5935,'Mengabril',484,6);
insert into herriak values (5936,'Mérida',52518,6);
insert into herriak values (5937,'Mirandilla',1369,6);
insert into herriak values (5938,'Monesterio',5132,6);
insert into herriak values (5939,'Montemolín',1843,6);
insert into herriak values (5940,'Monterrubio de la Serena',3259,6);
insert into herriak values (5941,'Montijo',15340,6);
insert into herriak values (5942,'Morera La',786,6);
insert into herriak values (5943,'Nava de Santiago La',1150,6);
insert into herriak values (5944,'Navalvillar de Pela',5171,6);
insert into herriak values (5945,'Nogales',816,6);
insert into herriak values (5946,'Oliva de la Frontera',6479,6);
insert into herriak values (5947,'Oliva de Mérida',2157,6);
insert into herriak values (5948,'Olivenza',10717,6);
insert into herriak values (5949,'Orellana de la Sierra',451,6);
insert into herriak values (5950,'Orellana la Vieja',3997,6);
insert into herriak values (5951,'Palomas',706,6);
insert into herriak values (5952,'Parra La',1457,6);
insert into herriak values (5953,'Peñalsordo',1734,6);
insert into herriak values (5954,'Peraleda del Zaucejo',715,6);
insert into herriak values (5955,'Puebla de Alcocer',1581,6);
insert into herriak values (5956,'Puebla de la Calzada',5553,6);
insert into herriak values (5957,'Puebla de la Reina',932,6);
insert into herriak values (5958,'Puebla de Obando',2109,6);
insert into herriak values (5959,'Puebla de Sancho Pérez',3045,6);
insert into herriak values (5960,'Puebla del Maestre',1015,6);
insert into herriak values (5961,'Puebla del Prior',629,6);
insert into herriak values (5962,'Quintana de la Serena',5162,6);
insert into herriak values (5963,'Reina',241,6);
insert into herriak values (5964,'Rena',689,6);
insert into herriak values (5965,'Retamal de Llerena',619,6);
insert into herriak values (5966,'Ribera del Fresno',3524,6);
insert into herriak values (5967,'Risco',249,6);
insert into herriak values (5968,'Roca de la Sierra La',1640,6);
insert into herriak values (5969,'Salvaleón',2490,6);
insert into herriak values (5970,'Salvatierra de los Barros',2051,6);
insert into herriak values (5971,'San Pedro de Mérida',798,6);
insert into herriak values (5972,'San Vicente de Alcántara',6077,6);
insert into herriak values (5973,'Sancti-Spíritus',371,6);
insert into herriak values (5974,'Santa Amalia',4402,6);
insert into herriak values (5975,'Santa Marta',4145,6);
insert into herriak values (5976,'Santos de Maimona Los',7898,6);
insert into herriak values (5977,'Segura de León',2375,6);
insert into herriak values (5978,'Siruela',2547,6);
insert into herriak values (5979,'Solana de los Barros',2840,6);
insert into herriak values (5980,'Talarrubias',3799,6);
insert into herriak values (5981,'Talavera la Real',5346,6);
insert into herriak values (5982,'Táliga',749,6);
insert into herriak values (5983,'Tamurejo',285,6);
insert into herriak values (5984,'Torre de Miguel Sesmero',1330,6);
insert into herriak values (5985,'Torremayor',1171,6);
insert into herriak values (5986,'Torremejía',2003,6);
insert into herriak values (5987,'Trasierra',723,6);
insert into herriak values (5988,'Trujillanos',1088,6);
insert into herriak values (5989,'Usagre',2208,6);
insert into herriak values (5990,'Valdecaballeros',1504,6);
insert into herriak values (5991,'Valdelacalzada',2533,6);
insert into herriak values (5992,'Valdetorres',1420,6);
insert into herriak values (5993,'Valencia de las Torres',922,6);
insert into herriak values (5994,'Valencia del Mombuey',922,6);
insert into herriak values (5995,'Valencia del Ventoso',2500,6);
insert into herriak values (5996,'Valverde de Burguillos',435,6);
insert into herriak values (5997,'Valverde de Leganés',3729,6);
insert into herriak values (5998,'Valverde de Llerena',914,6);
insert into herriak values (5999,'Valverde de Mérida',1168,6);
insert into herriak values (6000,'Valle de la Serena',1777,6);
insert into herriak values (6001,'Valle de Matamoros',557,6);
insert into herriak values (6002,'Valle de Santa Ana',1304,6);
insert into herriak values (6003,'Villafranca de los Barros',12677,6);
insert into herriak values (6004,'Villagarcía de la Torre',1073,6);
insert into herriak values (6005,'Villagonzalo',1549,6);
insert into herriak values (6006,'Villalba de los Barros',1783,6);
insert into herriak values (6007,'Villanueva de la Serena',24145,6);
insert into herriak values (6008,'Villanueva del Fresno',3595,6);
insert into herriak values (6009,'Villar de Rena',1775,6);
insert into herriak values (6010,'Villar del Rey',2384,6);
insert into herriak values (6011,'Villarta de los Montes',795,6);
insert into herriak values (6012,'Zafra',14930,6);
insert into herriak values (6013,'Zahínos',3252,6);
insert into herriak values (6014,'Zalamea de la Serena',5079,6);
insert into herriak values (6015,'Zarza La',3763,6);
insert into herriak values (6016,'Zarza-Capilla',592,6);


insert into herriak values (6327,'Abaltzisketa',273,20);
insert into herriak values (6328,'Aduna',303,20);
insert into herriak values (6329,'Aia',1668,20);
insert into herriak values (6330,'Aizarnazabal',537,20);
insert into herriak values (6331,'Albiztur',305,20);
insert into herriak values (6332,'Alegia',1659,20);
insert into herriak values (6333,'Alkiza',267,20);
insert into herriak values (6334,'Altzaga',92,20);
insert into herriak values (6335,'Altzo',318,20);
insert into herriak values (6336,'Amezketa',1020,20);
insert into herriak values (6337,'Andoain',14873,20);
insert into herriak values (6338,'Anoeta',1801,20);
insert into herriak values (6339,'Antzuola',1974,20);
insert into herriak values (6340,'Arama',152,20);
insert into herriak values (6341,'Aretxabaleta',6106,20);
insert into herriak values (6342,'Asteasu',1183,20);
insert into herriak values (6343,'Astigarraga',3158,20);
insert into herriak values (6344,'Ataun',1635,20);
insert into herriak values (6345,'Azkoitia',10397,20);
insert into herriak values (6346,'Azpeitia',13879,20);
insert into herriak values (6347,'Baliarrain',97,20);
insert into herriak values (6348,'Beasain',12412,20);
insert into herriak values (6349,'Beizama',172,20);
insert into herriak values (6350,'Belauntza',297,20);
insert into herriak values (6351,'Berastegi',956,20);
insert into herriak values (6352,'Bergara',15541,20);
insert into herriak values (6353,'Berrobi',584,20);
insert into herriak values (6354,'Bidegoyan',432,20);
insert into herriak values (6355,'Deba',5047,20);
insert into herriak values (6356,'Eibar',31119,20);
insert into herriak values (6357,'Elduain',235,20);
insert into herriak values (6358,'Elgeta',984,20);
insert into herriak values (6359,'Elgoibar',11204,20);
insert into herriak values (6360,'Errezil',653,20);
insert into herriak values (6361,'Eskoriatza',3932,20);
insert into herriak values (6362,'Ezkio-Itsaso',524,20);
insert into herriak values (6363,'Gabiria',433,20);
insert into herriak values (6364,'Gainza',134,20);
insert into herriak values (6365,'Gaztelu',143,20);
insert into herriak values (6366,'Getaria',2406,20);
insert into herriak values (6367,'Hernani',18709,20);
insert into herriak values (6368,'Hernialde',292,20);
insert into herriak values (6369,'Hondarribia',13965,20);
insert into herriak values (6370,'Ibarra',4408,20);
insert into herriak values (6371,'Idiazabal',2047,20);
insert into herriak values (6372,'Ikaztegieta',389,20);
insert into herriak values (6373,'Irun',55656,20);
insert into herriak values (6374,'Irura',700,20);
insert into herriak values (6375,'Itsasondo',624,20);
insert into herriak values (6376,'Larraul',135,20);
insert into herriak values (6377,'Lasarte-Oria',18186,20);
insert into herriak values (6378,'Lazkao',4978,20);
insert into herriak values (6379,'Leaburu-Gaztelu',401,20);
insert into herriak values (6380,'Legazpi',9518,20);
insert into herriak values (6381,'Legorreta',1447,20);
insert into herriak values (6382,'Leintz-Gatzaga',242,20);
insert into herriak values (6383,'Lezo',5557,20);
insert into herriak values (6384,'Lizartza',663,20);
insert into herriak values (6385,'Mendaro',1357,20);
insert into herriak values (6386,'Mondragón',24784,20);
insert into herriak values (6387,'Mutiloa',179,20);
insert into herriak values (6388,'Mutriku',4740,20);
insert into herriak values (6389,'Oiartzun',8825,20);
insert into herriak values (6390,'Olaberria',1051,20);
insert into herriak values (6391,'Oñati',10565,20);
insert into herriak values (6392,'Ordizia',9325,20);
insert into herriak values (6393,'Orendain',165,20);
insert into herriak values (6394,'Orexa',80,20);
insert into herriak values (6395,'Orio',4281,20);
insert into herriak values (6396,'Ormaiztegi',1212,20);
insert into herriak values (6397,'Pasaia',18176,20);
insert into herriak values (6398,'Placencia de las Armas',4556,20);
insert into herriak values (6399,'Rentería',41033,20);
insert into herriak values (6400,'San Sebastián',178470,20);
insert into herriak values (6401,'Segura',1290,20);
insert into herriak values (6402,'Tolosa',18091,20);
insert into herriak values (6403,'Urnieta',4982,20);
insert into herriak values (6404,'Urretxu',6166,20);
insert into herriak values (6405,'Usurbil',5311,20);
insert into herriak values (6406,'Villabona',5369,20);
insert into herriak values (6407,'Zaldibia',1571,20);
insert into herriak values (6408,'Zarautz',19061,20);
insert into herriak values (6409,'Zegama',1400,20);
insert into herriak values (6410,'Zerain',229,20);
insert into herriak values (6411,'Zestoa',3315,20);
insert into herriak values (6412,'Zizurkil',2692,20);
insert into herriak values (6413,'Zumaia',8278,20);
insert into herriak values (6414,'Zumárraga',10737,20);

insert into herriak values (6415,'Abadiño',7049,48);
insert into herriak values (6416,'Abanto y Ciérvana',9779,48);
insert into herriak values (6417,'Ajangiz',377,48);
insert into herriak values (6418,'Alonsotegi',3044,48);
insert into herriak values (6419,'Amorebieta-Etxano',16113,48);
insert into herriak values (6420,'Amoroto',380,48);
insert into herriak values (6421,'Arakaldo',106,48);
insert into herriak values (6422,'Arantzazu',279,48);
insert into herriak values (6423,'Arcentales',645,48);
insert into herriak values (6424,'Areatza',1119,48);
insert into herriak values (6425,'Arrankudiaga',733,48);
insert into herriak values (6426,'Arratzu',395,48);
insert into herriak values (6427,'Arrieta',429,48);
insert into herriak values (6428,'Arrigorriaga',10442,48);
insert into herriak values (6429,'Artea',613,48);
insert into herriak values (6430,'Atxondo',1536,48);
insert into herriak values (6431,'Aulesti',686,48);
insert into herriak values (6432,'Bakio',1335,48);
insert into herriak values (6433,'Balmaseda',7272,48);
insert into herriak values (6434,'Barakaldo',102561,48);
insert into herriak values (6435,'Barrika',936,48);
insert into herriak values (6436,'Basauri',50024,48);
insert into herriak values (6437,'Bedia',1028,48);
insert into herriak values (6438,'Berango',4459,48);
insert into herriak values (6439,'Bermeo',17717,48);
insert into herriak values (6440,'Berriatua',1017,48);
insert into herriak values (6441,'Berriz',4160,48);
insert into herriak values (6442,'Bilbao',370997,48);
insert into herriak values (6443,'Busturia',1738,48);
insert into herriak values (6444,'Carranza',3150,48);
insert into herriak values (6445,'Derio',4768,48);
insert into herriak values (6446,'Dima',1067,48);
insert into herriak values (6447,'Durango',23354,48);
insert into herriak values (6448,'Ea',831,48);
insert into herriak values (6449,'Elantxobe',518,48);
insert into herriak values (6450,'Elorrio',7416,48);
insert into herriak values (6451,'Erandio',24392,48);
insert into herriak values (6452,'Ereño',281,48);
insert into herriak values (6453,'Ermua',17824,48);
insert into herriak values (6454,'Errigoiti',437,48);
insert into herriak values (6455,'Etxebarri Doneztebeko Elizatea ',6505,48);
insert into herriak values (6456,'Etxebarria',797,48);
insert into herriak values (6457,'Forua',927,48);
insert into herriak values (6458,'Fruiz',325,48);
insert into herriak values (6459,'Galdakao',29691,48);
insert into herriak values (6460,'Galdames',818,48);
insert into herriak values (6461,'Gamiz-Fika',960,48);
insert into herriak values (6462,'Garay',255,48);
insert into herriak values (6463,'Gatika',975,48);
insert into herriak values (6464,'Gautegiz Arteaga',766,48);
insert into herriak values (6465,'Gernika',15800,48);
insert into herriak values (6466,'Getxo',83936,48);
insert into herriak values (6467,'Gordexola',1495,48);
insert into herriak values (6468,'Gorliz',3414,48);
insert into herriak values (6469,'Güeñes',5925,48);
insert into herriak values (6470,'Guizaburuaga',136,48);
insert into herriak values (6471,'Ibarrangelu',545,48);
insert into herriak values (6472,'Igorre',3950,48);
insert into herriak values (6473,'Ispaster',622,48);
insert into herriak values (6474,'Iurreta',4731,48);
insert into herriak values (6475,'Izurtza',279,48);
insert into herriak values (6476,'Kortezubi',385,48);
insert into herriak values (6477,'Lanestosa',295,48);
insert into herriak values (6478,'Larrabetzu',1506,48);
insert into herriak values (6479,'Laukiz',969,48);
insert into herriak values (6480,'Leioa',25758,48);
insert into herriak values (6481,'Lekeitio',7517,48);
insert into herriak values (6482,'Lemoa',2587,48);
insert into herriak values (6483,'Lemoiz',795,48);
insert into herriak values (6484,'Lezama',2040,48);
insert into herriak values (6485,'Loiu',1762,48);
insert into herriak values (6486,'Mallabia',1111,48);
insert into herriak values (6487,'Mañaria',504,48);
insert into herriak values (6488,'Markina',4782,48);
insert into herriak values (6489,'Maruri',569,48);
insert into herriak values (6490,'Mendata',341,48);
insert into herriak values (6491,'Mendexa',344,48);
insert into herriak values (6492,'Meñaka',436,48);
insert into herriak values (6493,'Morga',336,48);
insert into herriak values (6494,'Mundaka',1774,48);
insert into herriak values (6495,'Mungia',12816,48);
insert into herriak values (6496,'Munitibar',424,48);
insert into herriak values (6497,'Murueta',195,48);
insert into herriak values (6498,'Muskiz',6500,48);
insert into herriak values (6499,'Muxika',1416,48);
insert into herriak values (6500,'Nabarniz',259,48);
insert into herriak values (6501,'Ondarroa',10517,48);
insert into herriak values (6502,'Orduña',4007,48);
insert into herriak values (6503,'Orozko',1873,48);
insert into herriak values (6504,'Ortuella',8732,48);
insert into herriak values (6505,'Otxandio',1061,48);
insert into herriak values (6506,'Plentzia',3191,48);
insert into herriak values (6507,'Portugalete',56109,48);
insert into herriak values (6508,'Santurtzi',50281,48);
insert into herriak values (6509,'Sestao',35464,48);
insert into herriak values (6510,'Sondika',3554,48);
insert into herriak values (6511,'Sopelana',9085,48);
insert into herriak values (6512,'Sopuerta',2260,48);
insert into herriak values (6513,'Sukarrieta',323,48);
insert into herriak values (6514,'Trucios',538,48);
insert into herriak values (6515,'Ubidea',148,48);
insert into herriak values (6516,'Ugao-Miraballes',4169,48);
insert into herriak values (6517,'Urduliz',2728,48);
insert into herriak values (6518,'Valle de Trápaga-Trapagaran',13143,48);
insert into herriak values (6519,'Zaldibar',3018,48);
insert into herriak values (6520,'Zalla',7516,48);
insert into herriak values (6521,'Zamudio',3111,48);
insert into herriak values (6522,'Zaratamo',1583,48);
insert into herriak values (6523,'Zeanuri',1126,48);
insert into herriak values (6524,'Zeberio',909,48);
insert into herriak values (6525,'Alegría',1139,1);
insert into herriak values (6526,'Amurrio',9890,1);
insert into herriak values (6527,'Añana',195,1);
insert into herriak values (6528,'Aramaio',1316,1);
insert into herriak values (6529,'Armiñón',133,1);
insert into herriak values (6530,'Arraia-Maeztu',706,1);
insert into herriak values (6531,'Arrazua-Ubarrundia',702,1);
insert into herriak values (6532,'Artziniega',1323,1);

insert into herriak values (2926,'Allariz',5390,32);
insert into herriak values (2927,'Amoeiro',2355,32);
insert into herriak values (2928,'Arnoia',1114,32);
insert into herriak values (2929,'Avión',3536,32);
insert into herriak values (2930,'Baltar',1820,32);
insert into herriak values (2931,'Bande',2891,32);
insert into herriak values (2932,'Baños de Molgas',3060,32);
insert into herriak values (2933,'Barbadás',4562,32);
insert into herriak values (2934,'Barco de Valdeorras O',11712,32);
insert into herriak values (2935,'Beade',894,32);
insert into herriak values (2936,'Beariz',1861,32);
insert into herriak values (2937,'Blancos Os',1291,32);
insert into herriak values (2938,'Boborás',3888,32);
insert into herriak values (2939,'Bola A',1738,32);
insert into herriak values (2940,'Bolo O',1802,32);
insert into herriak values (2941,'Calvos de Randín',1946,32);
insert into herriak values (2942,'Carballeda',2662,32);
insert into herriak values (2943,'Carballeda de Avia',1879,32);
insert into herriak values (2944,'Carballiño O',12002,32);
insert into herriak values (2945,'Cartelle',4257,32);
insert into herriak values (2946,'Castrelo de Miño',3535,32);
insert into herriak values (2947,'Castrelo do Val',1470,32);
insert into herriak values (2948,'Castro Caldelas',2110,32);
insert into herriak values (2949,'Celanova',6211,32);
insert into herriak values (2950,'Cenlle',1943,32);
insert into herriak values (2951,'Coles',3323,32);
insert into herriak values (2952,'Cortegada',1610,32);
insert into herriak values (2953,'Cualedro',2745,32);
insert into herriak values (2954,'Chandrexa de Queixa',1006,32);
insert into herriak values (2955,'Entrimo',1708,32);
insert into herriak values (2956,'Esgos',1487,32);
insert into herriak values (2957,'Gomesende',1368,32);
insert into herriak values (2958,'Gudiña A',2014,32);
insert into herriak values (2959,'Irixo O',2529,32);
insert into herriak values (2960,'Larouco',684,32);
insert into herriak values (2961,'Laza',2290,32);
insert into herriak values (2962,'Leiro',2192,32);
insert into herriak values (2963,'Lobeira',1458,32);
insert into herriak values (2964,'Lobios',3090,32);
insert into herriak values (2965,'Maceda',3470,32);
insert into herriak values (2966,'Manzaneda',1594,32);
insert into herriak values (2967,'Maside',3571,32);
insert into herriak values (2968,'Melón',1728,32);
insert into herriak values (2969,'Merca A',2706,32);
insert into herriak values (2970,'Mezquita A',1844,32);
insert into herriak values (2971,'Montederramo',1478,32);
insert into herriak values (2972,'Monterrei',3759,32);
insert into herriak values (2973,'Muíños',2381,32);
insert into herriak values (2974,'Nogueira de Ramuín',2847,32);
insert into herriak values (2975,'Oímbra',2140,32);
insert into herriak values (2976,'Ourense',110796,32);
insert into herriak values (2977,'Paderne de Allariz',1809,32);
insert into herriak values (2978,'Padrenda',2908,32);
insert into herriak values (2979,'Parada de Sil',1081,32);
insert into herriak values (2980,'Pereiro de Aguiar',5032,32);
insert into herriak values (2981,'Peroxa A',2862,32);
insert into herriak values (2982,'Petín',1284,32);
insert into herriak values (2983,'Piñor',1771,32);
insert into herriak values (2984,'Pobra de Trives A',3114,32);
insert into herriak values (2985,'Pontedeva',823,32);
insert into herriak values (2986,'Porqueira',1312,32);
insert into herriak values (2987,'Punxín',1053,32);
insert into herriak values (2988,'Quintela de Leirado',1069,32);
insert into herriak values (2989,'Rairiz de Veiga',2277,32);
insert into herriak values (2990,'Ramirás',2151,32);
insert into herriak values (2991,'Ribadavia',6021,32);
insert into herriak values (2992,'Río',1209,32);
insert into herriak values (2993,'Riós',2528,32);
insert into herriak values (2994,'Rúa A',5127,32);
insert into herriak values (2995,'Rubiá',2116,32);
insert into herriak values (2996,'San Amaro',1694,32);
insert into herriak values (2997,'San Cibrao das Viñas',3514,32);
insert into herriak values (2998,'San Cristovo de Cea',3649,32);
insert into herriak values (2999,'Sandiás',1946,32);
insert into herriak values (3000,'Sarreaus',2605,32);
insert into herriak values (3001,'Taboadela',1903,32);
insert into herriak values (3002,'Teixeira A',706,32);
insert into herriak values (3003,'Toén',2757,32);
insert into herriak values (3004,'Trasmiras',2266,32);
insert into herriak values (3005,'Veiga A',1648,32);
insert into herriak values (3006,'Verea',1729,32);
insert into herriak values (3007,'Verín',12099,32);
insert into herriak values (3008,'Viana do Bolo',4549,32);
insert into herriak values (3009,'Vilamarín',2331,32);
insert into herriak values (3010,'Vilamartín de Valdeorras',2511,32);
insert into herriak values (3011,'Vilar de Barrio',2574,32);
insert into herriak values (3012,'Vilar de Santos',1397,32);
insert into herriak values (3013,'Vilardevós',3271,32);
insert into herriak values (3014,'Vilariño de Conso',932,32);
insert into herriak values (3015,'Xinzo de Limia',9604,32);
insert into herriak values (3016,'Xunqueira de Ambía',2316,32);
insert into herriak values (3017,'Xunqueira de Espadanedo',1226,32);

insert into herriak values (6533,'Asparrena',1555,1);
insert into herriak values (6534,'Ayala/Aiara',2060,1);
insert into herriak values (6535,'Baños de Ebro/Mañueta',330,1);
insert into herriak values (6536,'Barrundia',563,1);
insert into herriak values (6537,'Berantevilla',414,1);
insert into herriak values (6538,'Bernedo',539,1);
insert into herriak values (6539,'Campezo',1145,1);
insert into herriak values (6540,'Elburgo',204,1);
insert into herriak values (6541,'Elciego',951,1);
insert into herriak values (6542,'Elvillar',349,1);
insert into herriak values (6543,'Harana',374,1);
insert into herriak values (6544,'Iruña Oka',1612,1);
insert into herriak values (6545,'Iruraiz-Gauna',426,1);
insert into herriak values (6546,'Kripan',199,1);
insert into herriak values (6547,'Kuartango',360,1);
insert into herriak values (6548,'Labastida',1049,1);
insert into herriak values (6549,'Lagrán',191,1);
insert into herriak values (6550,'Laguardia',1461,1);
insert into herriak values (6551,'Lanciego',649,1);
insert into herriak values (6552,'Lantarón',838,1);
insert into herriak values (6553,'Lapuebla de Labarca',842,1);
insert into herriak values (6554,'Legutiano',1286,1);
insert into herriak values (6555,'Leza',203,1);
insert into herriak values (6556,'Llodio',20179,1);
insert into herriak values (6557,'Moreda de Álava',286,1);
insert into herriak values (6558,'Navaridas',217,1);
insert into herriak values (6559,'Okondo',778,1);
insert into herriak values (6560,'Oyón/Oion',2189,1);
insert into herriak values (6561,'Peñacerrada',241,1);
insert into herriak values (6562,'Ribera Alta',526,1);
insert into herriak values (6563,'Ribera Baja',433,1);
insert into herriak values (6564,'Salvatierra',3817,1);
insert into herriak values (6565,'Samaniego',293,1);
insert into herriak values (6566,'San Millán',712,1);
insert into herriak values (6567,'Urkabustaiz',861,1);
insert into herriak values (6568,'Valdegovía',887,1);
insert into herriak values (6569,'Villabuena de Álava',364,1);
insert into herriak values (6570,'Vitoria',215049,1);
insert into herriak values (6571,'Yécora',254,1);
insert into herriak values (6572,'Zalduondo',131,1);
insert into herriak values (6573,'Zambrana',341,1);
insert into herriak values (6574,'Zigoitia',983,1);
insert into herriak values (6575,'Zuia',1399,1);


alter table komunitateak 
add foreign key(id_hiriburua) references herriak(id_herria) on update cascade;

alter table Probintziak
add foreign key(id_hiriburua) references herriak(id_herria) on update cascade;