create database db_empresa_cast collate utf8mb4_spanish_ci;

use db_empresa_cast;

CREATE TABLE HABILIDAD
(CodHab CHAR (5) PRIMARY KEY,
DesHab VARCHAR(30) NOT NULL UNIQUE);

INSERT INTO HABILIDAD VALUES ('FONTA', 'Fontanería');
INSERT INTO HABILIDAD VALUES ('GEREN', 'Gerencia');
INSERT INTO HABILIDAD VALUES ('GESCO', 'Gestión Contable');
INSERT INTO HABILIDAD VALUES ('MARKE', 'Márketing');
INSERT INTO HABILIDAD VALUES ('MECAN', 'Mecanografía');
INSERT INTO HABILIDAD VALUES ('RELPU', 'Relaciones Públicas');
INSERT INTO HABILIDAD VALUES ('TELEF', 'Telefonista');

CREATE TABLE CENTRO
(CodCen CHAR(4) PRIMARY KEY,
CodEmpDir int,
NomCen VARCHAR(30) NOT NULL,
DirCen VARCHAR(50) NOT NULL);

ALTER TABLE CENTRO ADD (PobCen VARCHAR(20) NOT NULL);

INSERT INTO CENTRO VALUES ('DIGE', 1, 'Dirección General', 'Av. Constitución 88', 'Murcia');
INSERT INTO CENTRO VALUES ('FAZS', 6, 'Fábrica Zona Sur', 'Pol. Industrial Gral. Bastarreche', 'Cartagena');
INSERT INTO CENTRO VALUES ('OFZS', 6, 'Oficinas Zona Sur', 'Pl. España 14', 'Cartagena');

CREATE TABLE DEPARTAMENTO 
(CodDep CHAR(5) PRIMARY KEY,
CodEmpDir int,
CodDepDep CHAR(5),
foreign key (CodDepDep) references Departamento (CodDep) on delete cascade,
CodCen CHAR(4),
foreign key (CodCen) REFERENCES Centro (CodCen) ON DELETE CASCADE,
NomDep VARCHAR(40) NOT NULL,
PreAnu float NOT NULL,
TiDir enum('F', 'P') NOT NULL);

INSERT INTO DEPARTAMENTO VALUES ('DIRGE', 1, NULL,'DIGE', 'Dirección General', 156000, 'P');
INSERT INTO DEPARTAMENTO VALUES ('INYDI', 2, 'DIRGE', 'DIGE', 'Investigación y Diseño', 150000, 'P');
INSERT INTO DEPARTAMENTO VALUES ('JEFZS',6, 'DIRGE',NULL, 'Jefatura Fábrica Zona Sur', 37200, 'F');
INSERT INTO DEPARTAMENTO VALUES ('ADMZS', 5,'JEFZS', NULL,  'Administración Zona Sur', 84000, 'P');
INSERT INTO DEPARTAMENTO VALUES ('PROZS', 9, 'JEFZS', 'FAZS',  'Producción Zona Sur', 600000, 'P');
INSERT INTO DEPARTAMENTO VALUES ('VENZS', 3, 'ADMZS','OFZS', 'Ventas Zona Sur', 81000, 'F');

 
CREATE TABLE EMPLEADO
(CodEmp int PRIMARY KEY,
CodDep CHAR(5),
foreign key (CodDep) REFERENCES Departamento (CodDep) ON DELETE CASCADE,
ExTelEmp int,
FecInEmp DATE NOT NULL, 
FecNaEmp DATE NOT NULL,
NIFEmp CHAR(9) NOT NULL UNIQUE,
NomEmp VARCHAR (40) NOT NULL,
NumHi int DEFAULT 0 NOT NULL,
SalEmp float NOT NULL);

INSERT INTO EMPLEADO  VALUES (5, 'ADMZS', 1239,  '1976/08/07', '1958/03/08', '38223923T', 'Alada Veraz, Juana', 1, 37200); 
INSERT INTO EMPLEADO  VALUES (7, 'PROZS', NULL,  '1994/06/30', '1975/08/07', '47123132D', 'Forzado López, Galeote', 0, 9600); 
INSERT INTO EMPLEADO VALUES (6, 'JEFZS', 23838, '1991/08/01', '1969/06/03', '26454122D', 'Gozque Altanero, Cándido', 1, 30000); 
INSERT INTO EMPLEADO  VALUES (9, 'PROZS', 12124, '1987/06/10', '1968/07/19', '11312121D', 'Mando Correa, Rosa', 2, 18600); 
INSERT INTO EMPLEADO  VALUES (2, 'INYDI', 2233, '1991/06/14', '1970/06/08', '21231347K', 'Manrique Bacterio, Lucía', 0, 27000); 
INSERT INTO EMPLEADO VALUES (8, 'PROZS', NULL,  '1994/08/15', '1976/06/15', '32132154H', 'Mascullas Alto, Eloísa', 1, 9600); 
INSERT INTO EMPLEADO  VALUES (3, 'VENZS', 2133, '1984/06/08','1965/12/07', '23823930D', 'Monforte Cid, Roldán', 1, 31200); 
INSERT INTO EMPLEADO  VALUES ( 10, 'PROZS', NULL,  '1993/11/02','1975/01/07', '32939393D', 'Mox Almuerta, Mario', 0, 7800); 
INSERT INTO EMPLEADO VALUES (1, 'DIRGE', 1111, '1982/07/01','1961/08/07', '21451451V', 'Saladino Manda, Augusto', 1, 43200); 
INSERT INTO EMPLEADO  VALUES (4, 'VENZS', 3838, '1990/08/09', '1970/02/21', '38293923L', 'Topaz Illan, Carlos', 0, 19200); 


ALTER TABLE CENTRO
ADD CONSTRAINT FK_Director_Centro FOREIGN KEY (CodEmpDir) REFERENCES EMPLEADO (CodEmp) ON DELETE CASCADE;

ALTER TABLE DEPARTAMENTO
ADD CONSTRAINT FK_Director_Departamento FOREIGN KEY (CodEmpDir) REFERENCES EMPLEADO (CodEmp) ON DELETE CASCADE;

CREATE TABLE HIJO 
(CodEmp int,
foreign key (CodEmp) REFERENCES EMPLEADO (CodEmp) ON DELETE CASCADE,
NumHij int,
FecNaHi DATE NOT NULL,
NomHi VARCHAR(40) NOT NULL,
PRIMARY KEY (CodEmp, NumHij));

INSERT INTO HIJO VALUES (8,1, '1994/03/14', 'Fuerte Mascullas, Anacleto');
INSERT INTO HIJO VALUES (9,1, '1988/02/28', 'León Mando, Elvira');
INSERT INTO HIJO VALUES (9,2, '1990/07/18', 'León Mando, Plácido'); 
INSERT INTO HIJO VALUES (3,1, '1990/09/12', 'Monforte Lemos, Jesús'); 
INSERT INTO HIJO VALUES (5,1, '1982/02/06', 'Pastora Alada, Mateo'); 
INSERT INTO HIJO VALUES (1,1, '1989/06/07', 'Saladino Oropel, Flavia');



CREATE TABLE HABEMP
(CodHab CHAR (5),
foreign key (CodHab) REFERENCES HABILIDAD (CodHab) ON DELETE CASCADE,
CodEmp int,
foreign key (CodEmp) REFERENCES EMPLEADO (CodEmp) ON DELETE CASCADE,
NivHab int DEFAULT 5 NOT NULL CHECK (NivHab BETWEEN 0 AND 10),
PRIMARY KEY (CodHab, CodEmp));

INSERT INTO HABEMP VALUES ('GEREN', 1, 10);
INSERT INTO HABEMP VALUES ('RELPU', 1, 9);
INSERT INTO HABEMP VALUES ('MARKE', 3, 9);
INSERT INTO HABEMP VALUES ('MARKE', 4, 6);
INSERT INTO HABEMP VALUES ('GESCO', 5, 9);
INSERT INTO HABEMP VALUES ('RELPU', 5, 8);
INSERT INTO HABEMP VALUES ('FONTA', 8, 7);

COMMIT;	


use db_empresa_cast;

#1)
INSERT INTO HABILIDAD (CodHab, DesHab) 
VALUES ('OFIMA', 'Bulegotika');
INSERT INTO HABEMP (CodHab, CodEmp, NivHab) 
VALUES ('OFIMA', 1, 5),
       ('OFIMA', 2, 8);


#2)
#Datua aurkitzeko
#Select SalEmp 
#from empleado 
#where
#CodDep in (
#select CodDep from departamento
#where CodEmpDir in
#(SELECT CodEmpDir
#FROM CENTRO
#WHERE NomCen LIKE '%Sur%'));

Update EMPLEADO 
set SalEmp = SalEmp * 1.05
where
CodDep in (
select CodDep from departamento
where CodEmpDir in
(SELECT CodEmpDir
FROM CENTRO
WHERE NomCen LIKE '%Sur%'));


#3)
update departamento
set CodCen = (Select CodCen from centro where PobCen = "Murcia" limit 1)
where CodCen is null;


#4)
update empleado
set SalEmp = SalEmp * 0.975
where CodDep in 
(Select CodDep from departamento where CodDepDep is null);


#5)
update empleado
set CodDep = (Select CodDep from departamento where NomDep = "Producción Zona Sur" limit 1)
where CodDep = (Select CodDep from departamento where NomDep = "Ventas Zona Sur" limit 1);


#6)
update habemp
set NivHab = NivHab + 1
where CodHab = "MARKE" 
and CodEmp in (select CodEmp from empleado
where CodDep = "PROZS");


#7)
delete from habemp
where CodHab = (
select CodHab from habilidad
where DesHab = "Bulegotika");

Update habilidad
set DesHab = "Informatika Bulegoa"
where CodHab = "Bulegotika";


#8
select*
from centro;

select*
from departamento;

set sql_safe_updates = 0;

update centro
set codempdir = (select codempdir
                from departamento
                where nomdep = 'Producción Zona Sur')
where nomcen = 'Oficinas Zona Sur';

set sql_safe_updates = 1;

rollback;


#9
select*
from empleado;

select *
from hijo;

insert into hijo values (5, 2, '2016-02-13', 'Eiguren Alada, Miren');

update empleado
set numhi = numhi + 1
where codemp = 5;


#10
select *
from departamento;

update departamento
set codempdir = 4, TiDir = 'F'
where codempdir = (select codemp
                    from empleado
                    where nomemp = 'Alada Veraz, Juana');


#11
select*
from centro;

select*
from departamento;

update departamento
set preanu = Preanu - 50000
where codcen = (select codcen
                from centro
                where nomcen = 'Fábrica Zona Sur');
                
                
#12
select *
from centro;

set sql_safe_updates = 0;

update centro
set dircen = 'Kale Nagusiko 45', pobcen = 'Elche'
where nomcen = 'Fábrica Zona Sur';

set sql_safe_updates = 1;

#13
select*
from departamento;

INSERT INTO departamento
select 'COMZS', codempdir, coddepdep, codcen, 'Compras Zona Sur', (preanu/100)*75, tidir 
FROM departamento
WHERE coddep = 'VENZS';


#14
select * 
from centro;

insert into centro
select 'OFZN', codempdir, 'Oficinas Zona Norte', 'Gran Vía Nº 38', 'Bilbao'
from centro
where nomcen = 'Dirección general';


#15
select *
from departamento;

insert into departamento
select 'PROZN', 1, coddep, 'OFZN', 'Producción Zona Norte', 300000, 'P'
from departamento
where nomdep = 'Dirección General';	